Date,open,high,low,close,volume,change,ma5,ma10,ma20,ma60,ma120,upperband,middleband,lowerband
2019-01-02,39400,39400,38550,38750,7847664,0.0012919896640826156,38570.0,38730.0,39772.5,42162.5,44111.666666666664,42443.73098963755,39772.5,37101.26901036245
2019-01-03,38300,38550,37450,37600,12471493,-0.029677419354838697,38330.0,38575.0,39490.0,42044.166666666664,44050.833333333336,41801.19016958796,39490.0,37178.80983041204
2019-01-04,37450,37600,36850,37450,14108958,-0.003989361702127714,38150.0,38430.0,39255.0,41919.166666666664,43982.916666666664,41385.23472885032,39255.0,37124.76527114968
2019-01-07,38000,38900,37800,38750,12748997,0.03471295060080104,38250.0,38395.0,39120.0,41810.0,43920.0,41004.78115440493,39120.0,37235.21884559507
2019-01-08,38000,39200,37950,38100,12756554,-0.01677419354838705,38130.0,38340.0,39000.0,41726.666666666664,43854.166666666664,40822.63545449988,39000.0,37177.36454550012
2019-01-09,38650,39600,38300,39600,17452708,0.03937007874015741,38300.0,38435.0,38932.5,41653.333333333336,43805.0,40549.681189601215,38932.5,37315.318810398785
2019-01-10,40000,40150,39600,39800,14731699,0.005050505050504972,38740.0,38535.0,38912.5,41586.666666666664,43749.166666666664,40475.46992933325,38912.5,37349.53007066675
2019-01-11,40350,40550,39950,40500,11661063,0.017587939698492372,39350.0,38750.0,38925.0,41535.0,43702.916666666664,40533.88159912406,38925.0,37316.11840087594
2019-01-14,40450,40700,39850,40050,11984996,-0.011111111111111072,39610.0,38930.0,38905.0,41466.666666666664,43654.583333333336,40446.07105611649,38905.0,37363.92894388351
2019-01-15,40050,41100,39850,41100,11492756,0.02621722846441954,40210.0,39170.0,38960.0,41417.5,43609.166666666664,40716.87222073775,38960.0,37203.12777926225
2019-01-16,41150,41450,40700,41450,8491595,0.008515815085158085,40580.0,39440.0,39085.0,41376.666666666664,43563.75,41149.969733434365,39085.0,37020.030266565635
2019-01-17,41700,42100,41450,41950,11736903,0.012062726176115701,41010.0,39875.0,39225.0,41350.0,43517.916666666664,41638.81440877297,39225.0,36811.18559122703
2019-01-18,42000,42400,41950,42300,11029256,0.008343265792610355,41370.0,40360.0,39395.0,41337.5,43482.916666666664,42148.34342209613,39395.0,36641.65657790387
2019-01-21,42700,42750,41900,42750,11355701,0.010638297872340496,41910.0,40760.0,39577.5,41340.833333333336,43454.583333333336,42689.00686966942,39577.5,36465.99313033058
2019-01-22,42750,42850,41850,42150,9964356,-0.01403508771929829,42120.0,41165.0,39752.5,41360.0,43421.25,43025.18620555042,39752.5,36479.81379444958
2019-01-23,41350,42250,41350,42000,11071079,-0.003558718861209953,42230.0,41405.0,39920.0,41376.666666666664,43380.416666666664,43291.26089171396,39920.0,36548.73910828604
2019-01-24,43050,43100,42350,43050,14747623,0.02499999999999991,42450.0,41730.0,40132.5,41404.166666666664,43348.333333333336,43723.22067975219,40132.5,36541.77932024781
2019-01-25,44300,44750,43750,44750,22789395,0.03948896631823451,42940.0,42155.0,40452.5,41444.166666666664,43333.75,44466.534753212785,40452.5,36438.465246787215
2019-01-28,45000,45500,44600,45050,17998914,0.006703910614525244,43400.0,42655.0,40792.5,41488.333333333336,43323.75,45140.749647846824,40792.5,36444.250352153176
2019-01-29,45050,45500,44350,45500,16215017,0.009988901220865598,44070.0,43095.0,41132.5,41544.166666666664,43315.0,45823.05167331093,41132.5,36441.94832668907
2019-01-30,44800,46400,44800,46400,17505980,0.01978021978021971,44950.0,43590.0,41515.0,41581.666666666664,43322.083333333336,46597.33214184197,41515.0,36432.66785815803
2019-01-31,46650,47050,46150,46150,21621145,-0.0053879310344827624,45570.0,44010.0,41942.5,41620.833333333336,43325.416666666664,47073.80344064742,41942.5,36811.19655935258
2019-02-01,46650,46950,46250,46350,13832454,0.004333694474539573,45890.0,44415.0,42387.5,41664.166666666664,43330.0,47426.03897474258,42387.5,37348.96102525742
2019-02-07,46800,47100,46200,46200,15872001,-0.003236245954692518,46120.0,44760.0,42760.0,41700.833333333336,43325.833333333336,47769.25144108379,42760.0,37750.74855891621
2019-02-08,45700,45700,44650,44800,12689196,-0.030303030303030276,45980.0,45025.0,43095.0,41713.333333333336,43309.166666666664,47692.05340408397,43095.0,38497.94659591603
2019-02-11,44500,45000,44250,45000,11125044,0.0044642857142858094,45700.0,45325.0,43365.0,41725.0,43293.333333333336,47738.11102077228,43365.0,38991.88897922772
2019-02-12,44650,46250,44650,46050,13184367,0.023333333333333428,45680.0,45625.0,43677.5,41739.166666666664,43298.75,47876.723142439565,43677.5,39478.276857560435
2019-02-13,46400,46700,46000,46200,11299738,0.0032573289902280145,45650.0,45770.0,43962.5,41767.5,43308.333333333336,48032.128361410905,43962.5,39892.871638589095
2019-02-14,46600,47500,46150,47500,17259341,0.02813852813852824,45910.0,46015.0,44335.0,41824.166666666664,43327.916666666664,48265.40710359627,44335.0,40404.59289640373
2019-02-15,46750,46850,45650,46050,10554643,-0.030526315789473735,46160.0,46070.0,44582.5,41854.166666666664,43342.916666666664,48283.61807431214,44582.5,40881.38192568786
2019-02-18,46500,46850,45850,46200,8183728,0.0032573289902280145,46400.0,46050.0,44820.0,41890.833333333336,43360.416666666664,48288.91914002042,44820.0,41351.08085997958
2019-02-19,45850,46150,45450,45950,6741395,-0.005411255411255422,46380.0,46030.0,45020.0,41929.166666666664,43377.916666666664,48257.49903474889,45020.0,41782.50096525111
2019-02-20,46750,47100,46500,46900,11506720,0.020674646354733373,46520.0,46085.0,45250.0,41997.5,43395.416666666664,48331.720298794164,45250.0,42168.279701205836
2019-02-21,46500,47200,46200,46950,8694009,0.0010660980810235365,46410.0,46160.0,45460.0,42078.333333333336,43402.5,48400.8502171991,45460.0,42519.1497828009
2019-02-22,46500,47150,46450,47150,6895772,0.004259850905218299,46630.0,46395.0,45710.0,42156.666666666664,43410.416666666664,48313.57446599862,45710.0,43106.42553400138
2019-02-25,47400,47550,47050,47350,7484716,0.0042417815482502785,46860.0,46630.0,45977.5,42239.166666666664,43420.416666666664,48045.70574411735,45977.5,43909.29425588265
2019-02-26,47350,47450,46500,46750,7985547,-0.012671594508975703,47020.0,46700.0,46162.5,42308.333333333336,43424.166666666664,47758.07983191065,46162.5,44566.92016808935
2019-02-27,47000,47250,46750,46750,8045211,0.0,46990.0,46755.0,46262.5,42370.0,43425.833333333336,47737.58474332833,46262.5,44787.41525667167
2019-02-28,46400,46500,45100,45100,23569321,-0.03529411764705881,46620.0,46515.0,46265.0,42402.5,43411.666666666664,47732.00374914313,46265.0,44797.99625085687
2019-03-04,46000,46100,44800,44850,12926539,-0.005543237250554278,46160.0,46395.0,46232.5,42430.833333333336,43388.333333333336,47791.75462962276,46232.5,44673.24537037724
2019-03-05,44600,45100,44150,44250,10612405,-0.013377926421404673,45540.0,46200.0,46125.0,42470.833333333336,43353.333333333336,47904.185206773036,46125.0,44345.814793226964
2019-03-06,44000,44300,43700,44000,10202544,-0.005649717514124242,44990.0,46005.0,46017.5,42483.333333333336,43324.583333333336,48023.06101876757,46017.5,44011.93898123243
2019-03-07,43400,44950,43400,44450,11049749,0.010227272727272751,44530.0,45760.0,45922.5,42521.666666666664,43297.916666666664,48033.29961152166,45922.5,43811.70038847834
2019-03-08,44450,44800,43800,43800,7729069,-0.01462317210348707,44270.0,45445.0,45802.5,42560.833333333336,43274.583333333336,48101.08108406034,45802.5,43503.91891593966
2019-03-11,44400,44450,43650,43650,10717408,-0.003424657534246589,44030.0,45095.0,45745.0,42613.333333333336,43254.166666666664,48193.6526907669,45745.0,43296.3473092331
2019-03-12,44300,44950,44150,44650,11431977,0.02290950744558984,44110.0,44825.0,45727.5,42675.0,43252.083333333336,48202.065618447006,45727.5,43252.934381552994
2019-03-13,44250,44450,43700,43850,8108343,-0.017917133258678608,44080.0,44535.0,45617.5,42735.833333333336,43238.333333333336,48217.36057318465,45617.5,43017.63942681535
2019-03-14,43700,44300,43550,43850,18039161,0.0,43960.0,44245.0,45500.0,42795.833333333336,43228.333333333336,48194.62427807663,45500.0,42805.37572192337
2019-03-15,43800,44250,43700,44200,16814163,0.007981755986316896,44040.0,44155.0,45335.0,42858.333333333336,43225.416666666664,47921.5227623201,45335.0,42748.4772376799
2019-03-18,43950,44150,43450,43700,8188876,-0.011312217194570096,44050.0,44040.0,45217.5,42920.0,43222.5,47875.934689812784,45217.5,42559.065310187216
2019-03-19,43750,43900,43550,43900,7609563,0.004576659038901587,43900.0,44005.0,45102.5,43002.5,43206.25,47779.90079181283,45102.5,42425.09920818717
2019-03-20,43800,44200,43100,44050,9846242,0.003416856492027387,43940.0,44010.0,45007.5,43084.166666666664,43197.083333333336,47692.69552360717,45007.5,42322.30447639283
2019-03-21,44600,46250,44050,45850,21138016,0.04086265607264483,44340.0,44150.0,44955.0,43200.0,43200.0,47528.888109456195,44955.0,42381.111890543805
2019-03-22,46850,47000,46250,46550,12535911,0.01526717557251911,44810.0,44425.0,44935.0,43324.166666666664,43203.333333333336,47452.16109933393,44935.0,42417.83890066607
2019-03-25,45300,45650,44800,45500,8699728,-0.022556390977443663,45170.0,44610.0,44852.5,43438.333333333336,43188.75,47174.45499525723,44852.5,42530.54500474277
2019-03-26,45500,45700,44900,45250,9729811,-0.005494505494505475,45440.0,44670.0,44747.5,43548.333333333336,43170.833333333336,46780.103010919745,44747.5,42714.896989080255
2019-03-27,44750,45600,44250,45350,9568081,0.0022099447513812542,45700.0,44820.0,44677.5,43657.5,43152.916666666664,46516.65061917179,44677.5,42838.34938082821
2019-03-28,44950,45200,44300,44850,6821306,-0.011025358324145529,45500.0,44920.0,44582.5,43765.833333333336,43139.583333333336,46161.51076627109,44582.5,43003.48923372891
2019-03-29,44500,44900,44200,44650,11491713,-0.004459308807134854,45120.0,44965.0,44560.0,43872.5,43125.416666666664,46121.601741802304,44560.0,42998.398258197696
2019-04-01,45200,45450,44850,45050,7362129,0.008958566629339249,45030.0,45100.0,44570.0,43978.333333333336,43120.0,46141.43246752764,44570.0,42998.56753247236
2019-04-02,45550,46100,45350,45750,9480688,0.015538290788013276,45130.0,45285.0,44645.0,44095.0,43128.75,46289.658019163864,44645.0,43000.341980836136
2019-04-03,46750,46750,45800,46600,12436570,0.01857923497267766,45380.0,45540.0,44775.0,44245.0,43144.583333333336,46596.67505335063,44775.0,42953.32494664937
2019-04-04,46150,47100,46150,46950,12650168,0.007510729613734002,45800.0,45650.0,44900.0,44403.333333333336,43161.25,46944.749373395185,44900.0,42855.250626604815
2019-04-05,46950,47550,46600,46850,8546339,-0.0021299254526091493,46240.0,45680.0,45052.5,44538.333333333336,43174.166666666664,47198.77002029102,45052.5,42906.22997970898
2019-04-08,47250,47250,46150,46650,8507909,-0.004268943436499417,46560.0,45795.0,45202.5,44680.833333333336,43203.75,47355.050812408386,45202.5,43049.949187591614
2019-04-09,46700,46950,46200,46650,6878761,0.0,46740.0,45935.0,45302.5,44798.333333333336,43225.833333333336,47527.69100303772,45302.5,43077.30899696228
2019-04-10,46400,46700,46050,46700,11883995,0.001071811361200492,46760.0,46070.0,45445.0,44913.333333333336,43250.0,47644.74998579384,45445.0,43245.25001420616
2019-04-11,46700,46800,46150,46250,13697399,-0.009635974304068484,46620.0,46210.0,45565.0,45009.166666666664,43272.083333333336,47663.11820448706,45565.0,43466.88179551294
2019-04-12,46050,46900,46000,46850,7668936,0.012972972972973063,46620.0,46430.0,45697.5,45122.5,43294.583333333336,47768.60477764888,45697.5,43626.39522235112
2019-04-15,47150,47500,47000,47050,8733019,0.004268943436499528,46700.0,46630.0,45865.0,45221.666666666664,43319.583333333336,47800.226084983355,45865.0,43929.773915016645
2019-04-16,47400,47400,46800,47250,7730881,0.004250797024442088,46820.0,46780.0,46032.5,45318.333333333336,43347.5,47833.68710854814,46032.5,44231.31289145186
2019-04-17,47300,47600,47000,47050,5513658,-0.004232804232804255,46890.0,46825.0,46182.5,45403.333333333336,43376.666666666664,47787.26633813151,46182.5,44577.73366186849
2019-04-18,47200,47250,45500,45600,12808747,-0.03081827842720508,46760.0,46690.0,46170.0,45458.333333333336,43397.916666666664,47788.76496132082,46170.0,44551.23503867918
2019-04-19,45750,46000,45250,45300,8479710,-0.006578947368421018,46450.0,46535.0,46107.5,45500.833333333336,43420.833333333336,47758.94633579175,46107.5,44456.05366420825
2019-04-22,45400,45900,45100,45350,6006957,0.001103752759381793,46110.0,46405.0,46100.0,45554.166666666664,43457.083333333336,47763.73074744683,46100.0,44436.26925255317
2019-04-23,45050,45500,45000,45200,6920566,-0.003307607497243681,45700.0,46260.0,46097.5,45607.5,43492.083333333336,47766.47423587064,46097.5,44428.52576412936
2019-04-24,45400,45650,44150,44750,13299267,-0.009955752212389424,45240.0,46065.0,46067.5,45635.833333333336,43520.0,47809.12998366473,46067.5,44325.87001633527
2019-04-25,44250,45000,44100,44650,10868965,-0.0022346368715083775,45050.0,45905.0,46057.5,45634.166666666664,43539.166666666664,47829.01771089086,46057.5,44285.98228910914
2019-04-26,44200,45000,43800,44850,9739982,0.004479283314669624,44960.0,45705.0,46067.5,45630.833333333336,43559.583333333336,47809.12998366473,46067.5,44325.87001633527
2019-04-29,45150,46150,45100,46150,8777517,0.02898550724637672,45120.0,45615.0,46122.5,45641.666666666664,43592.916666666664,47800.43772232464,46122.5,44444.56227767536
2019-04-30,46000,46300,45350,45850,11121273,-0.00650054171180936,45250.0,45475.0,46127.5,45632.5,43607.083333333336,47801.55943741553,46127.5,44453.44056258447
2019-05-02,45500,46150,45400,45900,8625126,0.0010905125408942062,45480.0,45360.0,46092.5,45628.333333333336,43624.583333333336,47754.81013953474,46092.5,44430.18986046526
2019-05-03,45900,46050,45300,45300,6562916,-0.013071895424836555,45610.0,45330.0,46010.0,45610.833333333336,43637.5,47657.60432143157,46010.0,44362.39567856843
2019-05-07,45250,45300,44400,44850,12014907,-0.009933774834437137,45610.0,45285.0,45910.0,45588.333333333336,43644.583333333336,47584.09677139644,45910.0,44235.90322860356
2019-05-08,44300,44850,44200,44250,10398754,-0.013377926421404673,45230.0,45175.0,45790.0,45579.166666666664,43646.25,47575.10503892628,45790.0,44004.89496107372
2019-05-09,43900,44250,42450,42450,23029718,-0.04067796610169494,44550.0,44900.0,45580.0,45536.666666666664,43630.833333333336,47836.85622049789,45580.0,43323.14377950211
2019-05-10,42600,43450,42450,42900,14579512,0.010600706713780994,43950.0,44715.0,45390.0,45484.166666666664,43611.666666666664,47866.812467668875,45390.0,42913.187532331125
2019-05-13,42500,43200,42350,42650,7635079,-0.005827505827505797,43420.0,44515.0,45210.0,45425.0,43596.25,47922.67395755553,45210.0,42497.32604244447
2019-05-14,41300,43100,41300,42650,11563730,0.0,42980.0,44295.0,45000.0,45344.166666666664,43584.166666666664,47820.46095523409,45000.0,42179.53904476591
2019-05-15,42700,43050,42550,42550,7670185,-0.0023446658851113966,42640.0,43935.0,44775.0,45285.833333333336,43570.0,47623.24507372522,44775.0,41926.75492627478
2019-05-16,42350,42400,41350,41550,13687828,-0.023501762632197387,42460.0,43505.0,44490.0,45208.333333333336,43549.583333333336,47429.8299270536,44490.0,41550.1700729464
2019-05-17,41950,42050,40850,41200,13357951,-0.008423586040914532,42120.0,43035.0,44197.5,45129.166666666664,43529.166666666664,47223.13629671512,44197.5,41171.86370328488
2019-05-20,41650,42100,41550,42000,15752397,0.01941747572815533,41990.0,42705.0,44017.5,45047.5,43522.5,47115.44690077154,44017.5,40919.55309922846
2019-05-21,42600,43950,42350,43150,18812133,0.027380952380952284,42090.0,42535.0,43910.0,44984.166666666664,43531.25,46971.47023503414,43910.0,40848.52976496586
2019-05-22,43700,43800,42400,43500,11033339,0.008111239860950192,42280.0,42460.0,43817.5,44923.333333333336,43540.0,46810.3706955029,43817.5,40824.6293044971
2019-05-23,43900,44000,43250,43850,12259006,0.008045977011494232,42740.0,42600.0,43750.0,44865.0,43552.083333333336,46675.2350332922,43750.0,40824.7649667078
2019-05-24,43800,43800,42400,42700,13966305,-0.026225769669327215,43040.0,42580.0,43647.5,44797.5,43552.916666666664,46569.05352509585,43647.5,40725.94647490415
2019-05-27,42500,43000,42350,42650,8066669,-0.0011709601873536313,43170.0,42580.0,43547.5,44729.166666666664,43549.583333333336,46461.85670431744,43547.5,40633.14329568256
2019-05-28,42550,42950,42150,42550,24506881,-0.0023446658851113966,43050.0,42570.0,43432.5,44686.666666666664,43544.583333333336,46313.51978472901,43432.5,40551.48021527099
2019-05-29,41850,42100,41300,41800,14930618,-0.01762632197414804,42710.0,42495.0,43215.0,44635.833333333336,43533.333333333336,45892.1440006096,43215.0,40537.8559993904
2019-05-30,42200,42700,42150,42550,11766018,0.017942583732057482,42450.0,42595.0,43050.0,44607.5,43539.166666666664,45449.58329715807,43050.0,40650.41670284193
2019-05-31,42600,42800,42150,42500,11365999,-0.001175088131609825,42410.0,42725.0,42880.0,44582.5,43532.916666666664,44899.504889818294,42880.0,40860.495110181706
2019-06-03,42950,43900,42500,43800,15466580,0.030588235294117583,42640.0,42905.0,42805.0,44571.666666666664,43546.666666666664,44552.54112970196,42805.0,41057.45887029804
2019-06-04,43400,43700,43000,43450,9913497,-0.007990867579908634,42820.0,42935.0,42735.0,44565.833333333336,43563.333333333336,44245.33108952971,42735.0,41224.66891047029
2019-06-05,44050,44200,43700,43900,12464135,0.010356731875719172,43240.0,42975.0,42717.5,44570.0,43591.666666666664,44163.9698406811,42717.5,41271.0301593189
2019-06-07,43600,44350,43450,44200,11683682,0.006833712984054774,43570.0,43010.0,42805.0,44562.5,43618.75,44381.99080529976,42805.0,41228.00919470024
2019-06-10,44300,44850,44050,44800,8792182,0.013574660633484115,44030.0,43220.0,42900.0,44578.333333333336,43657.083333333336,44701.38835346518,42900.0,41098.61164653482
2019-06-11,44800,45000,44550,44850,6664872,0.0011160714285713969,44240.0,43440.0,43010.0,44595.0,43695.416666666664,44996.10170937946,43010.0,41023.89829062054
2019-06-12,44800,45050,44300,44600,8607439,-0.005574136008918651,44470.0,43645.0,43107.5,44601.666666666664,43730.0,45201.84357257829,43107.5,41013.15642742171
2019-06-13,44200,44400,43400,43750,16906541,-0.01905829596412556,44440.0,43840.0,43167.5,44602.5,43761.25,45263.27551278757,43167.5,41071.72448721243
2019-06-14,43750,44150,43300,44000,9322873,0.005714285714285783,44400.0,43985.0,43290.0,44604.166666666664,43803.333333333336,45276.85681416654,43290.0,41303.14318583346
2019-06-17,43750,44050,43400,43900,11890424,-0.002272727272727315,44220.0,44125.0,43425.0,44601.666666666664,43842.916666666664,45178.710352367234,43425.0,41671.289647632766
2019-06-18,43750,44500,43650,44350,7994928,0.010250569476081939,44120.0,44180.0,43542.5,44576.666666666664,43888.333333333336,45211.414317752715,43542.5,41873.585682247285
2019-06-19,45450,45450,45000,45350,10417690,0.022547914317925688,44270.0,44370.0,43652.5,44556.666666666664,43940.416666666664,45485.38706689747,43652.5,41819.61293310253
2019-06-20,44850,45500,44850,45500,7147785,0.00330760749724357,44620.0,44530.0,43752.5,44556.666666666664,43997.5,45751.8686503494,43752.5,41753.1313496506
2019-06-21,45750,45800,45200,45700,9454913,0.00439560439560438,44960.0,44680.0,43845.0,44564.166666666664,44056.25,46017.5330837527,43845.0,41672.4669162473
2019-06-24,45200,45800,45200,45500,6085066,-0.004376367614879695,45280.0,44750.0,43985.0,44566.666666666664,44112.083333333336,46204.70718789664,43985.0,41765.29281210336
2019-06-25,45200,45800,45200,45600,7076774,0.00219780219780219,45530.0,44825.0,44132.5,44579.166666666664,44172.5,46369.74719242197,44132.5,41895.25280757803
2019-06-26,45800,46000,45600,45700,9226097,0.002192982456140413,45600.0,44935.0,44290.0,44596.666666666664,44234.583333333336,46502.826247132834,44290.0,42077.173752867166
2019-06-27,46000,46600,45750,46500,12603534,0.017505470459518557,45800.0,45210.0,44525.0,44620.833333333336,44299.583333333336,46625.59515376,44525.0,42424.40484624
2019-06-28,47000,47000,46700,47000,12949231,0.010752688172043001,46060.0,45510.0,44747.5,44641.666666666664,44368.333333333336,46906.081710290346,44747.5,42588.918289709654
2019-07-01,47350,47400,46250,46600,11383522,-0.008510638297872353,46280.0,45780.0,44952.5,44641.666666666664,44443.333333333336,46993.9394431381,44952.5,42911.0605568619
2019-07-02,46200,46900,45850,46250,8463073,-0.007510729613733891,46410.0,45970.0,45075.0,44630.0,44516.666666666664,47119.13796011913,45075.0,43030.86203988087
2019-07-03,45750,46350,45200,45400,9669368,-0.018378378378378413,46350.0,45975.0,45172.5,44605.833333333336,44572.083333333336,47078.66762117081,45172.5,43266.33237882919
2019-07-04,45250,46200,45250,46000,6365573,0.013215859030837107,46250.0,46025.0,45277.5,44595.0,44637.916666666664,47122.07989797135,45277.5,43432.92010202865
2019-07-05,45950,45950,45250,45650,7235395,-0.007608695652173925,45980.0,46020.0,45350.0,44578.333333333336,44688.333333333336,47132.41409330155,45350.0,43567.58590669845
2019-07-08,44750,44800,44350,44400,7823843,-0.027382256297918905,45540.0,45910.0,45330.0,44540.0,44726.666666666664,47145.323662601244,45330.0,43514.676337398756
2019-07-09,44850,45450,44700,45100,7646421,0.015765765765765716,45310.0,45860.0,45342.5,44520.833333333336,44765.0,47147.84622718192,45342.5,43537.15377281808
2019-07-10,45550,46150,45500,45550,9253930,0.009977827050997812,45340.0,45845.0,45390.0,44499.166666666664,44810.833333333336,47164.429485778455,45390.0,43615.570514221545
2019-07-11,46350,46550,46150,46200,10989751,0.014270032930845167,45380.0,45815.0,45512.5,44485.0,44853.333333333336,47150.14312351623,45512.5,43874.85687648377
2019-07-12,46350,46400,45800,46300,5245804,0.0021645021645022577,45510.0,45745.0,45627.5,44469.166666666664,44893.75,47142.58250600421,45627.5,44112.41749399579
2019-07-15,45950,46650,45750,46450,4717226,0.003239740820734305,45920.0,45730.0,45755.0,44459.166666666664,44931.25,47085.0,45755.0,44425.0
2019-07-16,46450,46850,46300,46850,7407824,0.008611410118406937,46270.0,45790.0,45880.0,44480.0,44969.166666666664,47125.55208642594,45880.0,44634.44791357406
2019-07-17,46150,46350,45950,46050,5216602,-0.01707577374599789,46370.0,45855.0,45915.0,44492.5,44996.666666666664,47138.151666801794,45915.0,44691.848333198206
2019-07-18,46450,46450,45650,46100,5143554,0.0010857763300760048,46350.0,45865.0,45945.0,44505.0,45029.583333333336,47155.33053336682,45945.0,44734.66946663318
2019-07-19,46650,46950,46600,46800,8819393,0.015184381778741818,46450.0,45980.0,46000.0,44531.666666666664,45069.583333333336,47259.76188226188,46000.0,44740.23811773812
2019-07-22,46800,47300,46600,47200,9009109,0.008547008547008517,46600.0,46260.0,46085.0,44572.5,45104.166666666664,47425.18655417819,46085.0,44744.81344582181
2019-07-23,47350,47550,47050,47300,9061381,0.0021186440677967155,46690.0,46480.0,46170.0,44616.666666666664,45125.416666666664,47589.64784365701,46170.0,44750.35215634299
2019-07-24,47100,47150,46250,46400,8756522,-0.019027484143763207,46760.0,46565.0,46205.0,44642.5,45136.666666666664,47611.0227594175,46205.0,44798.9772405825
2019-07-25,47150,47200,46600,47200,8408838,0.01724137931034475,46980.0,46665.0,46240.0,44660.0,45150.833333333336,47707.17415462514,46240.0,44772.82584537486
2019-07-26,46650,47150,46550,47150,7873886,-0.0010593220338983578,47050.0,46750.0,46247.5,44681.666666666664,45157.083333333336,47731.57378522767,46247.5,44763.42621477233
2019-07-29,46800,47050,46000,46100,6856846,-0.022269353128313907,46830.0,46715.0,46222.5,44685.0,45156.666666666664,47698.804507884466,46222.5,44746.195492115534
2019-07-30,46300,46850,46300,46550,5551014,0.009761388286334105,46680.0,46685.0,46237.5,44705.833333333336,45158.333333333336,47720.697559329165,46237.5,44754.302440670835
2019-07-31,46200,46600,45000,45350,12872916,-0.025778732545649885,46470.0,46615.0,46235.0,44714.166666666664,45151.25,47723.992948270745,46235.0,44746.007051729255
2019-08-01,44900,45500,44850,45200,7811181,-0.003307607497243681,46070.0,46525.0,46195.0,44730.0,45154.583333333336,47748.67306728282,46195.0,44641.32693271718
2019-08-02,44550,45500,44300,44950,12151374,-0.00553097345132747,45630.0,46340.0,46160.0,44771.666666666664,45154.166666666664,47790.8280105517,46160.0,44529.1719894483
2019-08-05,44350,44600,43600,43950,14214086,-0.022246941045606206,45200.0,46015.0,46137.5,44789.166666666664,45136.666666666664,47873.83954052772,46137.5,44401.16045947228
2019-08-06,42500,43800,42500,43500,15083824,-0.010238907849829393,44590.0,45635.0,46057.5,44803.333333333336,45114.166666666664,48098.40053652793,46057.5,44016.59946347207
2019-08-07,43600,43900,43100,43200,10002533,-0.006896551724137945,44160.0,45315.0,45940.0,44812.5,45078.333333333336,48325.707442248524,45940.0,43554.292557751476
2019-08-08,43250,43500,42650,42650,16926881,-0.01273148148148151,43650.0,44860.0,45762.5,44814.166666666664,45050.0,48540.42638491376,45762.5,42984.57361508624
2019-08-09,43250,43350,43050,43150,9685147,0.011723329425556761,43290.0,44460.0,45605.0,44840.833333333336,45024.583333333336,48592.45711266287,45605.0,42617.54288733713
2019-08-12,44000,44000,43550,43700,8466169,0.012746234067207318,43240.0,44220.0,45467.5,44882.5,45005.833333333336,48538.700905183505,45467.5,42396.299094816495
2019-08-13,43500,43500,42950,43000,7276979,-0.016018306636155555,43140.0,43865.0,45275.0,44899.166666666664,44973.333333333336,48456.11615631998,45275.0,42093.88384368002
2019-08-14,43900,44250,43500,43700,8750135,0.016279069767441756,43240.0,43700.0,45157.5,44908.333333333336,44946.25,48388.64143918214,45157.5,41926.35856081786
2019-08-16,43800,43900,43300,43900,9528115,0.004576659038901587,43490.0,43570.0,45047.5,44915.0,44919.166666666664,48292.569336701454,45047.5,41802.430663298546
2019-08-19,44350,44350,43500,43600,6014218,-0.006833712984054663,43580.0,43435.0,44887.5,44910.833333333336,44887.916666666664,48086.386525027105,44887.5,41688.613474972895
2019-08-20,43950,44600,43550,44450,8434205,0.019495412844036775,43730.0,43485.0,44750.0,44940.0,44868.75,47770.927010041785,44750.0,41729.072989958215
2019-08-21,44350,44800,44150,44500,6571717,0.0011248593925758943,44030.0,43585.0,44610.0,44970.833333333336,44850.0,47395.60585869574,44610.0,41824.39414130426
2019-08-22,44500,44700,43850,44050,8061177,-0.010112359550561778,44100.0,43670.0,44492.5,44995.833333333336,44841.25,47162.00838170626,44492.5,41822.99161829374
2019-08-23,43800,44200,43650,43950,5017381,-0.002270147559591429,44110.0,43800.0,44330.0,45031.666666666664,44833.75,46699.26148831234,44330.0,41960.73851168766
2019-08-26,43050,43800,42950,43600,7954949,-0.007963594994311762,44110.0,43845.0,44152.5,45049.166666666664,44828.333333333336,46153.368561400275,44152.5,42151.631438599725
2019-08-27,43650,44200,43600,44050,16883932,0.010321100917431103,44030.0,43880.0,44050.0,45075.0,44828.75,45840.251378996814,44050.0,42259.748621003186
2019-08-28,44100,44400,43750,44150,5758333,0.002270147559591429,43960.0,43995.0,43930.0,45080.833333333336,44826.25,45308.187215148944,43930.0,42551.812784851056
2019-08-29,44200,44200,43050,43400,10768862,-0.016987542468856143,43830.0,43965.0,43832.5,45080.0,44822.916666666664,45063.05881614818,43832.5,42601.94118385182
2019-08-30,43750,44300,43750,44000,9899073,0.01382488479262678,43840.0,43975.0,43772.5,45081.666666666664,44825.833333333336,44836.20813666155,43772.5,42708.79186333845
2019-09-02,44850,44850,43650,43800,7185537,-0.004545454545454519,43880.0,43995.0,43715.0,45075.0,44818.75,44632.1150418568,43715.0,42797.8849581432
2019-09-03,43550,43650,43100,43250,9774941,-0.01255707762557079,43720.0,43875.0,43680.0,45049.166666666664,44813.75,44611.87982057774,43680.0,42748.12017942226
2019-09-04,43250,44100,43150,44100,12441837,0.01965317919075149,43710.0,43835.0,43710.0,45036.666666666664,44815.833333333336,44655.304183847715,43710.0,42764.695816152285
2019-09-05,44800,46100,44450,45700,18297430,0.03628117913832196,44170.0,44000.0,43835.0,45055.0,44828.333333333336,45088.43527954179,43835.0,42581.56472045821
2019-09-06,46500,46500,45850,46300,9896562,0.013129102844638973,44630.0,44235.0,44017.5,45097.5,44850.0,45557.71914025245,44017.5,42477.28085974755
2019-09-09,46450,47000,46300,46900,9434157,0.012958963282937441,45250.0,44565.0,44205.0,45145.833333333336,44875.0,46139.657592443684,44205.0,42270.342407556316
2019-09-10,47100,47200,46550,47000,9231792,0.002132196162046851,46000.0,44860.0,44370.0,45197.5,44899.583333333336,46638.34741607188,44370.0,42101.65258392812
2019-09-11,47300,47400,46800,47150,16141619,0.0031914893617022155,46610.0,45160.0,44577.5,45244.166666666664,44910.416666666664,47056.10343742197,44577.5,42098.89656257803
2019-09-16,47000,47100,46400,47100,15550926,-0.0010604453870625141,46890.0,45530.0,44747.5,45273.333333333336,44915.0,47420.78917253634,44747.5,42074.21082746366
2019-09-17,47000,47100,46800,46900,7006280,-0.00424628450106157,47010.0,45820.0,44897.5,45296.666666666664,44926.666666666664,47697.406248430474,44897.5,42097.593751569526
2019-09-18,46900,47700,46800,47700,10413027,0.017057569296375252,47170.0,46210.0,45102.5,45330.0,44947.083333333336,48086.70424904195,45102.5,42118.29575095805
2019-09-19,48050,49200,47850,49150,16461413,0.03039832285115307,47600.0,46800.0,45337.5,45390.833333333336,44978.75,48783.63914402771,45337.5,41891.36085597229
2019-09-20,49400,49600,49100,49200,15460210,0.0010172939979653517,48010.0,47310.0,45572.5,45450.833333333336,45015.0,49380.186305356576,45572.5,41764.813694643424
2019-09-23,49250,49300,49000,49300,7568553,0.00203252032520318,48450.0,47670.0,45835.0,45510.833333333336,45053.75,49901.70628396003,45835.0,41768.29371603997
2019-09-24,49050,49650,48850,49500,7871955,0.0040567951318457585,48970.0,47990.0,46112.5,45560.833333333336,45090.833333333336,50379.3343066025,46112.5,41845.6656933975
2019-09-25,49200,49350,48800,48900,9187141,-0.012121212121212088,49210.0,48190.0,46377.5,45592.5,45117.083333333336,50645.57626454823,46377.5,42109.42373545177
2019-09-26,49000,49250,48900,49200,8494756,0.006134969325153339,49220.0,48410.0,46635.0,45635.833333333336,45138.75,50931.63822074887,46635.0,42338.36177925113
2019-09-27,48000,48700,48000,48400,8048041,-0.016260162601625994,49060.0,48535.0,46847.5,45671.666666666664,45150.833333333336,51050.88851404435,46847.5,42644.11148595565
2019-09-30,48050,49250,47900,49050,9497119,0.013429752066115741,49010.0,48730.0,47130.0,45732.5,45169.166666666664,51122.79350830969,47130.0,43137.20649169031
2019-10-01,48900,49100,48650,48850,6206035,-0.004077471967380175,48880.0,48925.0,47372.5,45780.0,45187.5,51159.24992572787,47372.5,43585.75007427213
2019-10-02,48350,48400,47600,47600,8382463,-0.025588536335721557,48620.0,48915.0,47562.5,45812.5,45195.416666666664,50976.13076503596,47562.5,44148.86923496404
2019-10-04,47400,48650,47350,48000,9331695,0.008403361344537785,48380.0,48800.0,47800.0,45872.5,45206.25,50583.163667483466,47800.0,45016.836332516534
2019-10-07,48350,48700,47650,47750,7047273,-0.00520833333333337,48250.0,48655.0,47982.5,45916.666666666664,45218.75,50190.50249094062,47982.5,45774.49750905938
2019-10-08,47900,49000,47600,48900,14239367,0.02408376963350789,48220.0,48615.0,48142.5,45972.5,45235.833333333336,50117.15819827129,48142.5,46167.84180172871
2019-10-10,48200,49200,48000,48550,18639855,-0.007157464212678932,48160.0,48520.0,48255.0,46011.666666666664,45248.333333333336,50044.66477307903,48255.0,46465.33522692097
2019-10-11,49000,49450,48800,49150,7783275,0.012358393408856916,48470.0,48545.0,48367.5,46059.166666666664,45264.166666666664,50083.68035182786,48367.5,46651.31964817214
2019-10-14,50000,50300,49850,50000,11130635,0.01729399796541209,48870.0,48625.0,48517.5,46118.333333333336,45288.75,50253.66675466385,48517.5,46781.33324533615
2019-10-15,49900,50200,49900,50100,6058105,0.0020000000000000018,49340.0,48795.0,48665.0,46172.5,45326.25,50412.598352024856,48665.0,46917.401647975144
2019-10-16,50700,50900,50400,50700,9136282,0.011976047904191711,49700.0,48960.0,48845.0,46250.0,45371.25,50651.34991073158,48845.0,47038.65008926842
2019-10-17,50500,50600,50100,50500,6701380,-0.0039447731755424265,50090.0,49125.0,49025.0,46323.333333333336,45414.166666666664,50735.11695506477,49025.0,47314.88304493523
2019-10-18,50300,50900,49650,49900,8483106,-0.011881188118811892,50240.0,49355.0,49135.0,46375.0,45453.333333333336,50771.49014662478,49135.0,47498.50985337522
2019-10-21,49900,50400,49800,50300,4406531,0.008016032064128265,50300.0,49585.0,49192.5,46426.666666666664,45499.583333333336,50906.05624360568,49192.5,47478.94375639432
2019-10-22,50800,51500,50700,51200,10898729,0.017892644135188762,50520.0,49930.0,49292.5,46491.666666666664,45554.166666666664,51216.62967338483,49292.5,47368.37032661517
2019-10-23,51300,51500,50800,51200,8663880,0.0,50620.0,50160.0,49387.5,46571.666666666664,45607.083333333336,51483.6571983036,49387.5,47291.3428016964
2019-10-24,52500,52500,50500,50700,21185785,-0.009765625,50660.0,50375.0,49447.5,46630.0,45645.0,51620.39553361408,49447.5,47274.60446638592
2019-10-25,50800,51200,50500,50900,7879897,0.0039447731755424265,50860.0,50550.0,49547.5,46692.5,45687.083333333336,51793.268242717844,49547.5,47301.731757282156
2019-10-28,50700,51500,50700,51300,6431522,0.007858546168958647,51060.0,50680.0,49652.5,46779.166666666664,45732.083333333336,52016.707055230145,49652.5,47288.292944769855
2019-10-29,51400,51700,50800,51100,7581629,-0.003898635477582846,51040.0,50780.0,49787.5,46855.0,45780.416666666664,52158.5493457539,49787.5,47416.4506542461
2019-10-30,50700,50800,50200,50400,8959435,-0.013698630136986356,50880.0,50750.0,49855.0,46939.166666666664,45826.666666666664,52215.06355846617,49855.0,47494.93644153383
2019-10-31,51000,51400,50300,50400,10304777,0.0,50820.0,50740.0,49932.5,47025.833333333336,45877.916666666664,52256.99456871811,49932.5,47608.00543128189
2019-11-01,50600,51200,50400,51200,8467846,0.015873015873015817,50880.0,50870.0,50112.5,47130.0,45950.833333333336,52235.44017814916,50112.5,47989.55982185084
2019-11-04,51700,52300,51400,52300,13012411,0.021484375,51080.0,51070.0,50327.5,47269.166666666664,46029.166666666664,52421.89131969171,50327.5,48233.10868030829
2019-11-05,52400,52700,52100,52700,10581034,0.007648183556405286,51400.0,51220.0,50575.0,47422.5,46112.916666666664,52559.56544361732,50575.0,48590.43455638268
2019-11-06,52900,53500,52700,53300,14361133,0.011385199240986799,51980.0,51430.0,50795.0,47590.833333333336,46201.666666666664,52955.76375386112,50795.0,48634.23624613888
2019-11-07,53400,53400,52400,52900,9257116,-0.007504690431519689,52480.0,51650.0,51012.5,47761.666666666664,46287.916666666664,53100.05239455205,51012.5,48924.94760544795
2019-11-08,53200,53300,52000,52100,11603290,-0.015122873345935761,52660.0,51770.0,51160.0,47910.833333333336,46375.833333333336,53112.84407979746,51160.0,49207.15592020254
2019-11-11,52200,52200,51400,51600,8185952,-0.009596928982725572,52520.0,51800.0,51240.0,48042.5,46462.5,53126.16012045637,51240.0,49353.83987954363
2019-11-12,51800,52600,51600,52600,6576148,0.019379844961240345,52500.0,51950.0,51365.0,48202.5,46550.833333333336,53263.71008845479,51365.0,49466.28991154521
2019-11-13,52500,52500,52000,52500,6225196,-0.0019011406844106071,52340.0,52160.0,51455.0,48349.166666666664,46628.75,53389.399131513455,51455.0,49520.600868486545
2019-11-14,51900,52800,51900,52800,12010018,0.005714285714285783,52320.0,52400.0,51570.0,48497.5,46706.25,53536.82485239535,51570.0,49603.17514760465
2019-11-15,52900,53700,52600,53700,9703360,0.017045454545454586,52640.0,52650.0,51760.0,48665.833333333336,46788.333333333336,53778.316129846855,51760.0,49741.683870153145
2019-11-18,53600,53800,53200,53500,7746554,-0.003724394785847296,53020.0,52770.0,51920.0,48816.666666666664,46878.333333333336,53957.253052519496,51920.0,49882.746947480504
2019-11-19,53200,53500,52700,53500,8907177,0.0,53200.0,52850.0,52035.0,48966.666666666664,46968.75,54154.69337405201,52035.0,49915.30662594799
2019-11-20,53400,53400,52000,52000,12560070,-0.028037383177570097,53100.0,52720.0,52075.0,49099.166666666664,47047.5,54160.065946199305,52075.0,49989.934053800695
2019-11-21,51600,52100,50600,51000,14298646,-0.019230769230769273,52740.0,52530.0,52090.0,49216.666666666664,47124.166666666664,54139.292560860944,52090.0,50040.707439139056
2019-11-22,51000,51600,50900,51600,8478310,0.0117647058823529,52320.0,52480.0,52125.0,49350.0,47199.583333333336,54114.849240520496,52125.0,50135.150759479504
2019-11-25,52200,52600,51700,51800,9050625,0.003875968992248069,51980.0,52500.0,52150.0,49479.166666666664,47277.083333333336,54110.10203816026,52150.0,50189.89796183974
2019-11-26,51900,52900,51800,51800,27372226,0.0,51640.0,52420.0,52185.0,49606.666666666664,47343.75,54093.16665938801,52185.0,50276.83334061199
2019-11-27,51800,52300,51600,52200,7546261,0.007722007722007707,51680.0,52390.0,52275.0,49753.333333333336,47416.666666666664,53998.80393316641,52275.0,50551.19606683359
2019-11-28,51900,52100,51300,51300,6833885,-0.017241379310344862,51740.0,52240.0,52320.0,49875.0,47478.333333333336,53885.37535434796,52320.0,50754.62464565204
2019-11-29,51200,51400,50200,50300,11179334,-0.01949317738791423,51480.0,51900.0,52275.0,49983.333333333336,47529.166666666664,54009.214519602465,52275.0,50540.785480397535
2019-12-02,50900,51300,50400,50400,18877252,0.001988071570576455,51200.0,51590.0,52180.0,50102.5,47575.833333333336,54096.87245272084,52180.0,50263.12754727916
2019-12-03,49800,50300,49500,49900,12059812,-0.009920634920634885,50820.0,51230.0,52040.0,50199.166666666664,47617.916666666664,54180.467238712146,52040.0,49899.532761287854
2019-12-04,49600,49850,49000,49450,13246549,-0.009018036072144242,50270.0,50975.0,51847.5,50261.666666666664,47658.333333333336,54183.62392650732,51847.5,49511.37607349268
2019-12-05,50200,50400,49500,49500,10449715,0.0010111223458038054,49910.0,50825.0,51677.5,50315.0,47706.25,54171.98892561182,51677.5,49183.01107438818
2019-12-06,50100,50900,49950,50400,11414563,0.018181818181818077,49930.0,50705.0,51592.5,50373.333333333336,47759.583333333336,54138.92396312947,51592.5,49046.07603687053
2019-12-09,50900,51400,50700,51200,8470627,0.015873015873015817,50090.0,50645.0,51572.5,50443.333333333336,47820.416666666664,54124.65105352328,51572.5,49020.34894647672
2019-12-10,51000,51600,50700,51500,6882771,0.005859375,50410.0,50615.0,51517.5,50515.833333333336,47880.0,54025.74141581308,51517.5,49009.25858418692
2019-12-11,51500,52200,51400,51900,11379521,0.007766990291262044,50900.0,50585.0,51487.5,50595.833333333336,47934.583333333336,53962.146439392905,51487.5,49012.853560607095
2019-12-12,53000,53300,52700,53300,29178697,0.026974951830443183,51660.0,50785.0,51512.5,50702.5,47999.583333333336,54049.00842695229,51512.5,48975.99157304771
2019-12-13,54500,54800,53900,54700,18120261,0.026266416510319024,52520.0,51225.0,51562.5,50819.166666666664,48074.583333333336,54300.90738386384,51562.5,48824.09261613616
2019-12-16,54500,54900,54300,54700,11512405,0.0,53220.0,51655.0,51622.5,50911.666666666664,48151.25,54572.49576270882,51622.5,48672.50423729118
2019-12-17,55800,56700,55400,56700,19358433,0.03656307129798897,54260.0,52335.0,51782.5,51036.666666666664,48243.75,55395.154840972216,51782.5,48169.845159027784
2019-12-18,56700,57200,56000,56300,15558208,-0.007054673721340388,55140.0,53020.0,51997.5,51153.333333333336,48332.083333333336,56113.137860648094,51997.5,47881.862139351906
2019-12-19,57000,57300,55500,56000,14180520,-0.005328596802841923,55680.0,53670.0,52247.5,51261.666666666664,48411.25,56685.23309246962,52247.5,47809.76690753038
2019-12-20,56100,56500,55600,56000,12095519,0.0,55940.0,54230.0,52467.5,51380.0,48486.25,57182.61134545092,52467.5,47752.38865454908
2019-12-23,56100,56400,55100,55500,9839252,-0.008928571428571397,56100.0,54660.0,52652.5,51485.0,48560.416666666664,57535.68287595294,52652.5,47769.31712404706
2019-12-24,55600,55700,54800,55000,11868463,-0.009009009009009028,55760.0,55010.0,52812.5,51595.0,48633.333333333336,57782.39688021794,52812.5,47842.60311978206
2019-12-26,54700,55400,54400,55400,9645034,0.0072727272727273196,55580.0,55360.0,52972.5,51700.833333333336,48716.666666666664,58057.917878601525,52972.5,47887.082121398475
2019-12-27,55700,56900,55500,56500,12313056,0.019855595667870096,55680.0,55680.0,53232.5,51828.333333333336,48804.166666666664,58478.477030067894,53232.5,47986.522969932106
2019-12-30,56200,56600,55700,55800,8356767,-0.012389380530973493,55640.0,55790.0,53507.5,51965.0,48888.75,58685.9432989075,53507.5,48329.0567010925
